name,code,bin,short_name,swift_code,logo
Ngân hàng TNHH MTV CIMB Việt Nam,CIMB,422589,CIMB,CIBBVNVN,https://static-assets.fxce.net/bank-logo/422589.png
Ngân hàng TNHH MTV HSBC (Việt Nam),HSBC,458761,HSBC,HSBCVNVX,https://static-assets.fxce.net/bank-logo/458761.png
"Ngân hàng Citibank, N.A. - Chi nhánh Hà Nội",CITIBANK,533948,Citibank,,https://static-assets.fxce.net/bank-logo/533948.png
TMCP Việt Nam Thịnh Vượng - Ngân hàng số CAKE by VPBank,CAKE,546034,CAKE,,https://static-assets.fxce.net/bank-logo/546034.png
TMCP Việt Nam Thịnh Vượng - Ngân hàng số Ubank by VPBank,Ubank,546035,Ubank,,https://static-assets.fxce.net/bank-logo/546035.png
Ngân hàng Đại chúng TNHH Kasikornbank,KBank,668888,KBank,KASIVNVX,https://static-assets.fxce.net/bank-logo/668888.png
DBS Bank Ltd - Chi nhánh Thành phố Hồ Chí Minh,DBS,796500,DBSBank,DBSSVNVX,https://static-assets.fxce.net/bank-logo/796500.png
Ngân hàng Nonghyup - Chi nhánh Hà Nội,NonghyupHN,801011,Nonghyup - HN,,https://static-assets.fxce.net/bank-logo/801011.png
Ngân hàng số Liobank by OCB,LIOBANK,963369,Liobank,,https://static-assets.fxce.net/bank-logo/963369.png
Ngân hàng số Timo by Ban Viet Bank (Timo by Ban Viet Bank),TIMO,963388,Timo,,https://static-assets.fxce.net/bank-logo/963388.png
Ngân hàng số UMEE by Kienlongbank,UMEE,963399,Umee,,https://static-assets.fxce.net/bank-logo/963399.png
Ngân hàng TMCP Sài Gòn Công Thương,SGICB,970400,SaigonBank,SBITVNVX,https://static-assets.fxce.net/bank-logo/970400.png
Ngân hàng TMCP Sài Gòn Thương Tín,STB,970403,Sacombank,SGTTVNVX,https://static-assets.fxce.net/bank-logo/970403.png
Ngân hàng Nông nghiệp và Phát triển Nông thôn Việt Nam,VBA,970405,Agribank,VBAAVNVX,https://static-assets.fxce.net/bank-logo/970405.png
Ngân hàng TMCP Đông Á,DOB,970406,DongABank,EACBVNVX,https://static-assets.fxce.net/bank-logo/970406.png
Ngân hàng TMCP Kỹ thương Việt Nam,TCB,970407,Techcombank,VTCBVNVX,https://static-assets.fxce.net/bank-logo/970407.png
Ngân hàng Thương mại TNHH MTV Dầu Khí Toàn Cầu,GPB,970408,GPBank,GBNKVNVX,https://static-assets.fxce.net/bank-logo/970408.png
Ngân hàng TMCP Bắc Á,BAB,970409,BacABank,NASCVNVX,https://static-assets.fxce.net/bank-logo/970409.png
Ngân hàng TNHH MTV Standard Chartered Bank Việt Nam,SCVN,970410,StandardChartered,SCBLVNVX,https://static-assets.fxce.net/bank-logo/970410.png
Ngân hàng TMCP Đại Chúng Việt Nam,PVCB,970412,PVcomBank,WBVNVNVX,https://static-assets.fxce.net/bank-logo/970412.png
Ngân hàng TNHH MTV Việt Nam Hiện Đại,MBV,970414,ModernBank,OCBKUS3M,https://static-assets.fxce.net/bank-logo/970414.png
Ngân hàng TMCP Công thương Việt Nam,ICB,970415,VietinBank,ICBVVNVX,https://static-assets.fxce.net/bank-logo/970415.png
Ngân hàng TMCP Á Châu,ACB,970416,ACB,ASCBVNVX,https://static-assets.fxce.net/bank-logo/970416.png
Ngân hàng TMCP Đầu tư và Phát triển Việt Nam,BIDV,970418,BIDV,BIDVVNVX,https://static-assets.fxce.net/bank-logo/970418.png
Ngân hàng TMCP Quốc Dân,NCB,970419,NCB,NVBAVNVX,https://static-assets.fxce.net/bank-logo/970419.png
Ngân hàng Liên doanh Việt - Nga,VRB,970421,VRB,,https://static-assets.fxce.net/bank-logo/970421.png
Ngân hàng TMCP Quân đội,MB,970422,MBBank,MSCBVNVX,https://static-assets.fxce.net/bank-logo/970422.png
Ngân hàng TMCP Tiên Phong,TPB,970423,TPBank,TPBVVNVX,https://static-assets.fxce.net/bank-logo/970423.png
Ngân hàng TNHH MTV Shinhan Việt Nam,SHBVN,970424,ShinhanBank,SHBKVNVX,https://static-assets.fxce.net/bank-logo/970424.png
Ngân hàng TMCP An Bình,ABB,970425,ABBANK,ABBKVNVX,https://static-assets.fxce.net/bank-logo/970425.png
Ngân hàng TMCP Hàng Hải,MSB,970426,MSB,MCOBVNVX,https://static-assets.fxce.net/bank-logo/970426.png
Ngân hàng TMCP Việt Á,VAB,970427,VietABank,VNACVNVX,https://static-assets.fxce.net/bank-logo/970427.png
Ngân hàng TMCP Nam Á,NAB,970428,NamABank,NAMAVNVX,https://static-assets.fxce.net/bank-logo/970428.png
Ngân hàng TMCP Sài Gòn,SCB,970429,SCB,SACLVNVX,https://static-assets.fxce.net/bank-logo/970429.png
Ngân hàng TMCP Xăng dầu Petrolimex,PGB,970430,PGBank,PGBLVNVX,https://static-assets.fxce.net/bank-logo/970430.png
Ngân hàng TMCP Xuất Nhập khẩu Việt Nam,EIB,970431,Eximbank,EBVIVNVX,https://static-assets.fxce.net/bank-logo/970431.png
Ngân hàng TMCP Việt Nam Thịnh Vượng,VPB,970432,VPBank,VPBKVNVX,https://static-assets.fxce.net/bank-logo/970432.png
Ngân hàng TMCP Việt Nam Thương Tín,VIETBANK,970433,VietBank,VNTTVNVX,https://static-assets.fxce.net/bank-logo/970433.png
Ngân hàng TNHH Indovina,IVB,970434,IndovinaBank,,https://static-assets.fxce.net/bank-logo/970434.png
Ngân hàng TMCP Ngoại Thương Việt Nam,VCB,970436,Vietcombank,BFTVVNVX,https://static-assets.fxce.net/bank-logo/970436.png
Ngân hàng TMCP Phát triển Thành phố Hồ Chí Minh,HDB,970437,HDBank,HDBCVNVX,https://static-assets.fxce.net/bank-logo/970437.png
Ngân hàng TMCP Bảo Việt,BVB,970438,BaoVietBank,BVBVVNVX,https://static-assets.fxce.net/bank-logo/970438.png
Ngân hàng TNHH MTV Public Việt Nam,PBVN,970439,PublicBank,VIDPVNVX,https://static-assets.fxce.net/bank-logo/970439.png
Ngân hàng TMCP Đông Nam Á,SEAB,970440,SeABank,SEAVVNVX,https://static-assets.fxce.net/bank-logo/970440.png
Ngân hàng TMCP Quốc tế Việt Nam,VIB,970441,VIB,VNIBVNVX,https://static-assets.fxce.net/bank-logo/970441.png
Ngân hàng TNHH MTV Hong Leong Việt Nam,HLBVN,970442,HongLeong,HLBBVNVX,https://static-assets.fxce.net/bank-logo/970442.png
Ngân hàng TMCP Sài Gòn - Hà Nội,SHB,970443,SHB,SHBAVNVX,https://static-assets.fxce.net/bank-logo/970443.png
Ngân hàng Thương mại TNHH MTV Xây dựng Việt Nam,CBB,970444,CBBank,GTBAVNVX,https://static-assets.fxce.net/bank-logo/970444.png
Ngân hàng Hợp tác xã Việt Nam,COOPBANK,970446,COOPBANK,,https://static-assets.fxce.net/bank-logo/970446.png
Ngân hàng TMCP Phương Đông,OCB,970448,OCB,ORCOVNVX,https://static-assets.fxce.net/bank-logo/970448.png
Ngân hàng TMCP Lộc Phát Việt Nam,LPB,970449,LPBank,LVBKVNVX,https://static-assets.fxce.net/bank-logo/970449.png
Ngân hàng TMCP Kiên Long,KLB,970452,KienLongBank,KLBKVNVX,https://static-assets.fxce.net/bank-logo/970452.png
Ngân hàng TMCP Bản Việt,VCCB,970454,VietCapitalBank,VCBCVNVX,https://static-assets.fxce.net/bank-logo/970454.png
Ngân hàng Công nghiệp Hàn Quốc - Chi nhánh Hà Nội,IBKHN,970455,IBK - HN,,https://static-assets.fxce.net/bank-logo/970455.png
Ngân hàng Công nghiệp Hàn Quốc - Chi nhánh TP. Hồ Chí Minh,IBKHCM,970456,IBK - HCM,,https://static-assets.fxce.net/bank-logo/970456.png
Ngân hàng TNHH MTV Woori Việt Nam,WVN,970457,Woori,,https://static-assets.fxce.net/bank-logo/970457.png
Ngân hàng United Overseas - Chi nhánh TP. Hồ Chí Minh,UOB,970458,UnitedOverseas,,https://static-assets.fxce.net/bank-logo/970458.png
Ngân hàng Kookmin - Chi nhánh Hà Nội,KBHN,970462,KookminHN,,https://static-assets.fxce.net/bank-logo/970462.png
Ngân hàng Kookmin - Chi nhánh Thành phố Hồ Chí Minh,KBHCM,970463,KookminHCM,,https://static-assets.fxce.net/bank-logo/970463.png
Ngân hàng KEB Hana – Chi nhánh Thành phố Hồ Chí Minh,KEBHANAHCM,970466,KEBHanaHCM,,https://static-assets.fxce.net/bank-logo/970466.png
Ngân hàng KEB Hana – Chi nhánh Hà Nội,KEBHANAHN,970467,KEBHANAHN,,https://static-assets.fxce.net/bank-logo/970467.png
Công ty Tài chính TNHH MTV Mirae Asset (Việt Nam) ,MAFC,970468,MAFC,,https://static-assets.fxce.net/bank-logo/970468.png
Tổng Công ty Dịch vụ số Viettel - Chi nhánh tập đoàn công nghiệp viễn thông Quân Đội,VTLMONEY,971005,ViettelMoney,,https://static-assets.fxce.net/bank-logo/971005.png
VNPT Money,VNPTMONEY,971011,VNPTMoney,,https://static-assets.fxce.net/bank-logo/971011.png
Ngân hàng Chính sách Xã hội,VBSP,999888,VBSP,,https://static-assets.fxce.net/bank-logo/999888.png
